CO-27,HGLF3M0DfwFdqWP3AbWPUWA0cD03O61,eisiTKM-DCg:APA91bHoY2_2jSGv-IQ8q5aFu9QNXadGdLMY9YgD_17c8o-AiHX1gdrp6QZsSsX_r2omrP4mcDAtgi3Jb6WN5F0Zi-tIgrI6wEoOjhs3Q7MbOquvK9L2GuXcnRJDZcWHxSd6UL3ID3Uu
CO-27,HGLF3M0DfwFdqWP3AbWPUWA0cD03O61,eF41IoAc0hc:APA91bF-tR4qmIhsrqL_ZN6saMO37qIecu2GvEuiAkn1wJxR_CMyHFBSRMk1s0DhYenoKJUyDYDRwG8117lJ0Coxch08CW-VJETSRbg4EJzdABCvBkm9VeV1QVhcplm03YfurPix5i3f
CO-27,HGLF3M0DfwFdqWP3AbWPUWA0cD03O61,dUDDx4OuM20:APA91bEICsCl-8x49HiJnIabNSwSxSDDFbcVOUyUVFiPRUEvinbonpRby5_wurnggZWO5yKi8CuHtr2wd7XrIu5_GSKKDzIjV_G6jIluBa0v1AfRBqzbOomnWdCTt-ha0qu5vUK4BtHz
CO-27,HGLF3M0DfwFdqWP3AbWPUWA0cD03O61,dJS3rGfqXYY:APA91bGKl44ZMD-oHBS0ccriakpPVYFCGSiXqa1u2zyG6j1NVul9Jec0R5Y9Kt-lSPyzq4oL_6_lamnG6kyjNFtuWfJi_iv6YOm1oQk877A94F7AZmfcfhOcgbj41OkApZ-0ygrS298a
CO-27,HGLF3M0DfwFdqWP3AbWPUWA0cD03O61,d8dH0XUA1ws:APA91bGN0yEQq-lm2HXjmKkc7YXv3Th3ZQj94eKGSjai9d_tpBGT-8o8n4qHyH9F26KD-K7bZ9kqOpxt7JYjARf6IWT15UEbUjEgHZ6Sn4FkimmaAb9u5zP7PjFoZNfLpa4Iafpy56J4
CO-27,HGLF3M0DfwFdqWP3AbWPUWA0cD03O61,fdIUHMpItuY:APA91bHfpxRhDuOxhAnQSCbu4LgZAGDcEFbw1qqotVBcmZaRg31VW3ra6tZaYfXdbhPjQpOlkLM92oD0wauBsU_-gZVGnEFOqRiM3KK-GCrY2g2GI8sLe5axIitGS7tKCclQwWbG9P7Q
CO-27,HGLF3M0DfwFdqWP3AbWPUWA0cD03O61,dAqeBs9QsuE:APA91bE3z2uyxLzGl9xlT0DlIiB3dF6ZJ51fVc7C_AJhuSUhCQ0z0g0967Ht1BgZt-vvkfPMtq-Gr8u1iILZR6IlLiQdl9C2irWELOIZUkw6pxGl91Tb_hsifLs7NvNWsX4hp_ekkWIq
CO-27,HGLF3M0DfwFdqWP3AbWPUWA0cD03O61,flS1bfxy17k:APA91bHgpel8q46kuliV8oXazq3R_FMsxsVdoevm130Fsrp7JlO_ON3haQX5DXEvD8rcbUumHWcvcCUZfhvytDAjU2E5f563CjgTsnfxL5t9E_fxGwtevZfKKA-lNtLPYluzuGs3GXqX
CO-27,HGLF3M0DfwFdqWP3AbWPUWA0cD03O61,eCZwTaAzUWk:APA91bGGo0GmP57gJb_fj4JDUXzF-gjOl_pHPDAoWn0PO4zw20njWVaM9bSSCZaqCvjhjLAJ4eDP0ANY4-W3iq8Y1pN6Nu_BQz3NbjxrjkRQOQBtemJwGISwA4kwusY7zMr_v9gKfbPL
CO-27,HGLF3M0DfwFdqWP3AbWPUWA0cD03O61,eCuwbxSu3f4:APA91bGDSNYBHTmet1ZNgE8DBLcJzhjeFoDT-Dk99GK8_zXNUKLLG6Gvcr3rCeSf-rfUkhGp3ejvtwW5YR1fUt1gcrBUcKCun9BJriacmOFPpIUgWrmfOOjnBPCnSmIHisnUl1bTaLOz
CO-27,HGLF3M0DfwFdqWP3AbWPUWA0cD03O61,erEZ-_aFTXc:APA91bFPAPq-xY-ozBFqVBevGKY982o-NAchBE9syMrbq7FlLmFknBodRyvTMj9yIHEifthFRmVlAP13qFfWlGNalvQ9wpPcSyIbNdzXtviSQT9sVeEknTnpoUaB5p2XLJ3_3WlCD0qG
CO-27,HGLF3M0DfwFdqWP3AbWPUWA0cD03O61,eAimX5IgFPs:APA91bF4kugbnCgYB4maa0moFeBBhTJvmlU15UYqgmVx_jivEUdVAZ_yMP7ILurbGqAoyFaZnoHW678JT_TaqmfGpRYbHxv4gTeRouzpiTlkuL_857-21eBBiTwYnv6f-PMExLi6S3jI
CO-27,HGLF3M0DfwFdqWP3AbWPUWA0cD03O61,d81Y2joCyps:APA91bGDI_9Nsp4VT0TKIFqy064-4AwWFotyt21yCjktRhpQNGmbQhrT-u6JMc4NvLwIZyha81viIp7H7VBM7Zmjwc78p22jDn_Zfn_xsc7KaHc8J3RR2meDSzOSQAi6s-w2dFIO6XSa
CO-27,HGLF3M0DfwFdqWP3AbWPUWA0cD03O61,fzmHvUn3Uj8:APA91bE7MayQ9aelbLSkkXQ0OOwXqrjEckWWCZ6YZVYf20eN8ggbwemacaELBzTiFeqXea5Zc5VcMtu1lpXzh9z6jbfk9eAVt9McVplWPTM0MwXvZCULObdoB0CjmJ4PIcZRMUbBXdi-
CO-27,HGLF3M0DfwFdqWP3AbWPUWA0cD03O61,dwlIIwVlMRc:APA91bFzLXGaTK1b1TaRXVCzoCvZcMEKacfucXYUq2r2buNUevcxPct62W02GX0ZTC7Zp4ZdminQYFkWiRrtyD3TLdw06sD2e39yb5KbyLFsa6cBaQAf0LBmvqTFAvTYNL0bu-XWggFN
CO-27,HGLF3M0DfwFdqWP3AbWPUWA0cD03O61,emuZV0_F_Ek:APA91bEC6T73vPt8wut6ml1bMuJQn7s14IuPwjxzgC44307aS31m1yJ1d6X7RYf8uwEFCQv3N83e7jMbb2Exm8BtI5hz0aZWBUY8CEHM4khCyJyPWOpFazSBJqCb67ZngQttlGGMtcp6
CO-27,HGLF3M0DfwFdqWP3AbWPUWA0cD03O61,fCvjxjQRaUM:APA91bEMFlwAx5EPchRyFJY8BSWbcPKQI74_0frhIsuF-WdQnkYVt3dlZroh6-UgEfHCj-Wha5qrEUG7t_Mzjn8uMA7TUkw_F4szKmAVCO7Gy9mXYXACXNx0pC6--4BvvxPqSr_DCP2L
CO-27,HGLF3M0DfwFdqWP3AbWPUWA0cD03O61,ek8ppedNbt4:APA91bFe653tsqvSJDIbPnZV3NwYZp1XMxybJ71EegcF5PxM_sJ4_mi9b2Ngz-QjWQ4iyoEnsWZW-gZFgzKTfIT_cja9ZYw7CnVePQr9Fg26o3U7EQWO0bblJ01mWJgagYVMfqKJOFko
CO-27,HGLF3M0DfwFdqWP3AbWPUWA0cD03O61,dQS4GljnEIQ:APA91bES3qVIOJjr64wEu3fxeHHfS4-BW87tpf6RVdvCn0Uz-d0Mo5ph8Z7y5qdi9hIC6-y6R8fB3gQlIfPsP1lY90ucgiTq0j65A__RBzcp9-8-NKlTSR48LkmfqAu84mqOQzqjM_X2
CO-27,HGLF3M0DfwFdqWP3AbWPUWA0cD03O61,fy1cGRVjZCM:APA91bGL-nU-zWXL6Qpvl5SFY37XYLrYXj4q0FWeU1V-iaqW0jmtR3-2GtjRIQuUXV-3_064gbrTgyJ8IOIVzu8shV-Tpm2Y9wp_oEIaVew2X9AF92_Jafymp_JRIlPxKExWNsUY-Adc
CO-27,HGLF3M0DfwFdqWP3AbWPUWA0cD03O61,dW744DCpZZo:APA91bFe3_h3v2apAVj3_5lxJDVS8fLypCH5eaceIYTK98i8PoDejSP_9GsDaU_zEsxnKr_DnTxp2DlKURlvQItkiD20aTCnMf-sxGtwSdAWFgF4DD6OBD01WwF5a0f0YmJhw-rZ2VfI
CO-27,HGLF3M0DfwFdqWP3AbWPUWA0cD03O61,fMsiQ0tGsXQ:APA91bErRxXnML6M2dPTqzSiiOdQguG18ze6rgK6zPvk3EqbFxOiSXWIIegnX4u-V7Rkca9IooGeQVzT4QoFtuMqx-RMUXbCtqgEHhFrQxB5FAL-x9yI4xmbm_6p0XpUDYUnKJJxsqMn
CO-27,HGLF3M0DfwFdqWP3AbWPUWA0cD03O61,cL4s0lnl1R8:APA91bF0hP-LUeDF1kNHZWn5E9wiTNn8GBMBvO3scStJMcO-jiXATlVWBbkMBNLWycjWUpIrI_jZUO5uRmbxzQVTiKEmKXJI4R3SEZ87iIUged6n-4XOBGVJr1ujShdCbRvYEm9DooaC
CO-27,HGLF3M0DfwFdqWP3AbWPUWA0cD03O61,dlIJjh2NGH8:APA91bGrlfjCe04aRWa3jWHDzTPxhvPTCCm2OJN31S3sGFeBrx7njtANU4ixgLDOil5yeJGi7RiGPLdmtC5UR43ThCRRJiuW5uw-ky4iMCowSk1w1_MRqp7BfvAI85cFxO-tnOnXTprx
CO-27,HGLF3M0DfwFdqWP3AbWPUWA0cD03O61,efFBDhBnG2Y:APA91bHnKKkRzK9nYiQD8g_I-ZYDKRWBhGHCqK3Wi-8bvIlXfuPWCimFf28S0h4NK5Sl5OkYBeYvd6B0h3kMhFeBGYnGPGEarGFd8KxrqeCvSfI1IBonhKHX753Meps-YUdGAZ1--GmQ
CO-27,HGLF3M0DfwFdqWP3AbWPUWA0cD03O61,dc94s3IIVCE:APA91bEmePS8L7iIYE7Cvyj-puWs2mIxNLyDgZ3Yr-goJ7JViz_-Q3q6t7rNOlRuSSwTh2dFhC6Z_3XWv6OlLpvhmFoy5814_JCluComJ8MyiITkujNbc7KvRmR4ZQ9yPzkuDV_1UJCf
CO-27,HGLF3M0DfwFdqWP3AbWPUWA0cD03O61,dsLNEqYbjUw:APA91bFp4GU-1M30pqF73GwAO2CElqmTj9N48evEFcwD50w_eYDY7WWt17ZfqqixLoBrgqaz88SZk57xUtRm1R2CjHRR_swgF7JachwFwBa83XkgpgufFKN9SD81hXlDlxzRdqm6GoKK
CO-27,HGLF3M0DfwFdqWP3AbWPUWA0cD03O61,eLAe3XrwqGo:APA91bGv2YpdZZbh9d-EI90tBmiQrW3YJg646hjc6PK8Kfihh85g76TPnIQ1LyqrXYtnGq47CVn0W1HsqcqzVdKCmODGrgkbG7AiAxCP6L8UxEiMahC9IeU4b1KfpnfpRxz01Ve0bPOF
CO-27,HGLF3M0DfwFdqWP3AbWPUWA0cD03O61,cwH183ZmnHA:APA91bF5Kz4_AdU_oZwBh6CedAxWfpGAqaARrZ4nLeKyU4M-KGj-eKxQSObbIP44JnYjNvCyaEJBpRxYBSLBvW_VMor92_A4lU2kSox4SJh6nTIKCNgR7fNr3g120n1MPrsiUK0Oyd9D
CO-27,HGLF3M0DfwFdqWP3AbWPUWA0cD03O61,eqOrKVRfUEA:APA91bGkfKMn_zwPjFnM_oN_mRpG7nEZ_LMRDC-Qd-tlHgK1-7uCf8XPDkY7o_RBGim6t95UIZx72UowJqE0hWypcAB6eQoL-fDV1184mk4FggjHyUJThTll5K7eteBY1hzJ-QmMW7C3
CO-27,HGLF3M0DfwFdqWP3AbWPUWA0cD03O61,elx0PBrXdHY:APA91bG5wtSmDAw0134UBxp4J7Ltil9hQMGk13A-Up2sdpZ9rnvvwzK30OzF4U-xn2XnZTjKeWG04MoHSOwDguv_sPdSxvB5zUqYL6LbFD2bp1bLir15NBHguVeSRlkwqYsDpbKuKOPU
CO-27,HGLF3M0DfwFdqWP3AbWPUWA0cD03O61,f_r5b0THTtA:APA91bHKNd340a1OxAiH_VWc7a-dFvk-afpaG0In9N8jRsWd7KTAeCnZAJjEv036dDFyTHLnNAwsE7PfpXH3GfsLYyE4UIiWJSTmbtotErXpULY9YmYcuqc7ooig-yc9oTRHvwzbB_Zc
CO-27,HGLF3M0DfwFdqWP3AbWPUWA0cD03O61,dygMVYV_bNk:APA91bFLuh_57_WzxUAbW6MJuYnDEAVD0zQvoRxM4kfUt_8Siymy0jAUtOgJ4g2CtgC7yRrmy1aNXPA91BrQ16VV6D4jhytZTgVW1EI8XPhpSNAvUonTRzaJjwjjc_04WjmrqwkOBWvl
CO-27,HGLF3M0DfwFdqWP3AbWPUWA0cD03O61,ei6DhXAJmfk:APA91bEfVA7tB943U3soYZv5I_HAe7Ni_L7oqLVTzD8GxhHhDFPd7-KFeVPxW2oxAd0co7TxGpWzkAlKZ8JDi8tVKJjT4M8xVL8IuWeSturLENNlN-f-zgwECrfSe9Ozckv5Wy_d85bR
CO-27,HGLF3M0DfwFdqWP3AbWPUWA0cD03O61,eg0xcwSZj0A:APA91bEmohPipoe0qGAivKEm_NvB7oou3dyB8gLNE1AzTBYnnMMYijalUb6B-iLAh4azaNe89wSk8p8ByzW0Br6k5ysnnaQ974eCIy0hNZznX3oPdIzGD3g8tPJ4y8kfqC4SgKlQ7ksC
CO-27,HGLF3M0DfwFdqWP3AbWPUWA0cD03O61,eBWY-XeuEnQ:APA91bFw9Wa7vF2YsNaTYothEHcpr2laDT0cxm249BCN4vGUSV5wpbL-y-yCcZwPCsXLjpTWnA4OqaNyOZccQhjwLl1yq9JcUhYhh72zjJHLm8YlKHaTpTNRjkBBJMl3C8akJ4OKhbT9
CO-27,HGLF3M0DfwFdqWP3AbWPUWA0cD03O61,cjnGdd_OmYI:APA91bEnc1WBBM_FYTiHuJPwjHb5dmRxZBlwlng7UU4uYAjFhmpJChlxTLVgyJ2zBy9aa9N3BXbqxlmrqDDWvQ0gqBtTHAH9DzWUbm9WHM4ru3cxlDt207uBV8F4CYckVKyLPxY0A1My
CO-27,HGLF3M0DfwFdqWP3AbWPUWA0cD03O61,fgBKTY_8660:APA91bGtIbIYDx4kMOUJ-4jPFrUfLkNj9ICVBFl7BX3SfetmtAHD5mvy62r2MnR5IvVo92lxOheiZmZMa3hem7DLpR9Nr-XZAJv3Zezls-tKWYrC-Zdl78eGlIhrQgD-NyvSetg2g2Lg
CO-27,HGLF3M0DfwFdqWP3AbWPUWA0cD03O61,ej5TLZtC6eU:APA91bGoJ-c4berbhWxMbkFhMo5o_y3RpgvHbJ0OX8VjN_1t-kva21jP-icbH7u5BUGx0OXbAiX2HvVmqPImejzBPPM4FWnxux-m2bOlu69y88v3emIdMT45YQdicFczGFHF9qX0vVlW
CO-27,HGLF3M0DfwFdqWP3AbWPUWA0cD03O61,dxjy7E6QWC0:APA91bFZIdx3wTanovs16Nm18QCFzXI-xLk0FD484wUqxQ3jngmy3OkxbVoAywGhbmWMv3i58p1dpAFIhqAcEaLbqqr8cV0dDkLkPFe5BxdZ9m3pFUSrfECKKKHMvdTOOYFd5f8W2-o4
CO-27,HGLF3M0DfwFdqWP3AbWPUWA0cD03O61,egAyLOTYBng:APA91bFOL72Hund1uwLydMyQVOvGQ5mf9giKB85mu0limvHrBvd43qnw0zdcZjwfxFs8xXMUx4ZkUN9I27kUlJB_IRJ1ppijVsnwpZzpiDohgbR55CrMlCW_rDQL5SKUeQYSeVNT9l3j
CO-27,HGLF3M0DfwFdqWP3AbWPUWA0cD03O61,dz0Nlmkhr9c:APA91bGQBgc627dMbcKKnsx1dzPHM6d1ARlKsTa5Rg5HHNyEZaClY1yM6FAr9Xdx09cjHjgrG_WN_8yYeG4swciM9c9wiDaBPGC2hDMzxi6kZ2ua9SciCMoFrCI0356U-vWoptyMp0EB
CO-27,HGLF3M0DfwFdqWP3AbWPUWA0cD03O61,c7e5of2PH64:APA91bFp661o1iijIQIDo-BCkGw4FYxXRhm2tVetA59_Pb9qVAASQP7-AXx2OQIJPDvEFTeqvv9LFbSZT1q-e2SDqPvVPjHx3XcJUaZ9vb0k0kW5Rb_t0TM18JFCSj16YcwRHXLHQozo
CO-27,HGLF3M0DfwFdqWP3AbWPUWA0cD03O61,cwxWBLlt9xg:APA91bE-wLcHIdEfygWwIrSeaIqKgVVl7JZtotVFacdAMHmKm8tAE6r9QWWX3oYvYVVPSEg8Uw_N8aBgZ52HFIAfcw-XRbda2HpmS5T44IVO4tfoDWu1ZqXxgN4uNGO1tMpmq4HMv_4Y
CO-27,HGLF3M0DfwFdqWP3AbWPUWA0cD03O61,12345ds5
CO-27,2rTntXYFWWBKKfAFQn9YduqhhJ3WHf,fHfrmjqLQMw:APA91bEGnbcNKnwgh02xvipP-IMaTk3yq1KwUXTSSN-MSc7hPCHcPvEauBtoOX_TPM7CmxgDi5knax9wjLmVtUUM6c8-mUfS4UQ-Oi68sTh9Jewal1fOL9y3fc5n9aj5FB1yiixwhODJ
CO-27,2rTntXYFWWBKKfAFQn9YduqhhJ3WHf,d05Pf7qzym8:APA91bGoL3jFGeDM97pvkvqKuPOYuaufekte_AlJzE-a3Z0NRajNzQF8rvzsSF2wEzEFhOos2bCKoQ8sXXf6FLqZlJlt-fyo39aDO4nD91T5G3OQWWWhgC3gFC49P2qiCDiHUcSeHkzB
CO-27,2rTntXYFWWBKKfAFQn9YduqhhJ3WHf,dS_TDcykd7I:APA91bEo29er31b19Sw-gQsO8O0BbzNMgRGNmrSzydNsoChkrK1ZVpta-zNGB0nTbcLy-iB227NQ4Dj390wIJEqzIfJTx6v2O3YbQCMxm5R3s-S3LleXskdSsDPv31bzLrP98ibAQU_b
CO-27,2rTntXYFWWBKKfAFQn9YduqhhJ3WHf,cViysT8oXLs:APA91bFwiVYy2q7xhi6W8zzbhcKPeaSJsKBMoLg2h3pUawWOJjdLUqeiBkA3g_M2K-ybNnhQtawPd8ZoTl883iCme2ZL2DFeN9tR-b7flZzGYG0aGLL6EpEHhYR6ShM3Ovgss04QDf0j
CO-27,OAa20dyfB3FnuKpNYlDtQ3onhxfnAR,eXbt82hCKA8:APA91bHHb4nTyujx10nD1ysnaTLt8MEUA2ofSJ6ECXz0h0pmpYxXBqlQyE3ViClu9UtB6KtPvzb8rf0S_JmKF7qhpIpkYVX2bveUyaLVNwVcukwGnW-OE3DsX0XH5FTtND-qgQVqbPFf
